title,Desc,Price,Ratings
5Pcs Men's Compression Pants Shirt Top Long Sleeve Jacket Set Suit,https://www.amazon.co.uk/sspa/click?ie=UTF8&spc=MTo0MDU2MjMyNzE4NTYxOTE4OjE2NjMwMDgwNTc6c3BfYXRmOjIwMDQ5NjAyMjU5NTk4OjowOjo&sp_csd=d2lkZ2V0TmFtZT1zcF9hdGY&url=%2FBUYJYA-Workout-Outwear-Compression-Sweat-Wicking%2Fdp%2FB07BLX617P%2Fref%3Dsr_1_1_sspa%3Fcrid%3D36WQE42ULM2Y3%26keywords%3Dgym%2Bclothes%2Bmen%26qid%3D1663008057%26sprefix%3Dgym%2Bclothes%2Bmen%252Caps%252C155%26sr%3D8-1-spons%26psc%3D1,"£35
99","7,005"
5Pcs Men's Compression Pants Shirt Top Long Sleeve Jacket Set Suit,https://www.amazon.co.uk/sspa/click?ie=UTF8&spc=MTo0MDU2MjMyNzE4NTYxOTE4OjE2NjMwMDgwNTc6c3BfYXRmOjIwMDQ5NjAyMjU5NTk4OjowOjo&sp_csd=d2lkZ2V0TmFtZT1zcF9hdGY&url=%2FBUYJYA-Workout-Outwear-Compression-Sweat-Wicking%2Fdp%2FB07BLX617P%2Fref%3Dsr_1_1_sspa%3Fcrid%3D36WQE42ULM2Y3%26keywords%3Dgym%2Bclothes%2Bmen%26qid%3D1663008057%26sprefix%3Dgym%2Bclothes%2Bmen%252Caps%252C155%26sr%3D8-1-spons%26psc%3D1,"£35
99","7,005"
5Pcs Men's Compression Pants Shirt Top Long Sleeve Jacket Set Suit,https://www.amazon.co.uk/sspa/click?ie=UTF8&spc=MTo0MDU2MjMyNzE4NTYxOTE4OjE2NjMwMDgwNTc6c3BfYXRmOjIwMDQ5NjAyMjU5NTk4OjowOjo&sp_csd=d2lkZ2V0TmFtZT1zcF9hdGY&url=%2FBUYJYA-Workout-Outwear-Compression-Sweat-Wicking%2Fdp%2FB07BLX617P%2Fref%3Dsr_1_1_sspa%3Fcrid%3D36WQE42ULM2Y3%26keywords%3Dgym%2Bclothes%2Bmen%26qid%3D1663008057%26sprefix%3Dgym%2Bclothes%2Bmen%252Caps%252C155%26sr%3D8-1-spons%26psc%3D1,"£35
99","7,005"
5Pcs Men's Compression Pants Shirt Top Long Sleeve Jacket Set Suit,https://www.amazon.co.uk/sspa/click?ie=UTF8&spc=MTo0MDU2MjMyNzE4NTYxOTE4OjE2NjMwMDgwNTc6c3BfYXRmOjIwMDQ5NjAyMjU5NTk4OjowOjo&sp_csd=d2lkZ2V0TmFtZT1zcF9hdGY&url=%2FBUYJYA-Workout-Outwear-Compression-Sweat-Wicking%2Fdp%2FB07BLX617P%2Fref%3Dsr_1_1_sspa%3Fcrid%3D36WQE42ULM2Y3%26keywords%3Dgym%2Bclothes%2Bmen%26qid%3D1663008057%26sprefix%3Dgym%2Bclothes%2Bmen%252Caps%252C155%26sr%3D8-1-spons%26psc%3D1,"£35
99","7,005"
5Pcs Men's Compression Pants Shirt Top Long Sleeve Jacket Set Suit,https://www.amazon.co.uk/sspa/click?ie=UTF8&spc=MTo0MDU2MjMyNzE4NTYxOTE4OjE2NjMwMDgwNTc6c3BfYXRmOjIwMDQ5NjAyMjU5NTk4OjowOjo&sp_csd=d2lkZ2V0TmFtZT1zcF9hdGY&url=%2FBUYJYA-Workout-Outwear-Compression-Sweat-Wicking%2Fdp%2FB07BLX617P%2Fref%3Dsr_1_1_sspa%3Fcrid%3D36WQE42ULM2Y3%26keywords%3Dgym%2Bclothes%2Bmen%26qid%3D1663008057%26sprefix%3Dgym%2Bclothes%2Bmen%252Caps%252C155%26sr%3D8-1-spons%26psc%3D1,"£35
99","7,005"
5Pcs Men's Compression Pants Shirt Top Long Sleeve Jacket Set Suit,https://www.amazon.co.uk/sspa/click?ie=UTF8&spc=MTo0MDU2MjMyNzE4NTYxOTE4OjE2NjMwMDgwNTc6c3BfYXRmOjIwMDQ5NjAyMjU5NTk4OjowOjo&sp_csd=d2lkZ2V0TmFtZT1zcF9hdGY&url=%2FBUYJYA-Workout-Outwear-Compression-Sweat-Wicking%2Fdp%2FB07BLX617P%2Fref%3Dsr_1_1_sspa%3Fcrid%3D36WQE42ULM2Y3%26keywords%3Dgym%2Bclothes%2Bmen%26qid%3D1663008057%26sprefix%3Dgym%2Bclothes%2Bmen%252Caps%252C155%26sr%3D8-1-spons%26psc%3D1,"£35
99","7,005"
5Pcs Men's Compression Pants Shirt Top Long Sleeve Jacket Set Suit,https://www.amazon.co.uk/sspa/click?ie=UTF8&spc=MTo0MDU2MjMyNzE4NTYxOTE4OjE2NjMwMDgwNTc6c3BfYXRmOjIwMDQ5NjAyMjU5NTk4OjowOjo&sp_csd=d2lkZ2V0TmFtZT1zcF9hdGY&url=%2FBUYJYA-Workout-Outwear-Compression-Sweat-Wicking%2Fdp%2FB07BLX617P%2Fref%3Dsr_1_1_sspa%3Fcrid%3D36WQE42ULM2Y3%26keywords%3Dgym%2Bclothes%2Bmen%26qid%3D1663008057%26sprefix%3Dgym%2Bclothes%2Bmen%252Caps%252C155%26sr%3D8-1-spons%26psc%3D1,"£35
99","7,005"
5Pcs Men's Compression Pants Shirt Top Long Sleeve Jacket Set Suit,https://www.amazon.co.uk/sspa/click?ie=UTF8&spc=MTo0MDU2MjMyNzE4NTYxOTE4OjE2NjMwMDgwNTc6c3BfYXRmOjIwMDQ5NjAyMjU5NTk4OjowOjo&sp_csd=d2lkZ2V0TmFtZT1zcF9hdGY&url=%2FBUYJYA-Workout-Outwear-Compression-Sweat-Wicking%2Fdp%2FB07BLX617P%2Fref%3Dsr_1_1_sspa%3Fcrid%3D36WQE42ULM2Y3%26keywords%3Dgym%2Bclothes%2Bmen%26qid%3D1663008057%26sprefix%3Dgym%2Bclothes%2Bmen%252Caps%252C155%26sr%3D8-1-spons%26psc%3D1,"£35
99","7,005"
